{
  "version": 1,
  "stdout": [
    [
      0.495622,
      "\u001b[1m\u001b[7m%\u001b[27m\u001b[1m\u001b[0m                                                                                                                                                                                                                  \r \r"
    ],
    [
      0.001096,
      "\u001b]7;file://istation/home/iocanel/voxxed/hellothess\u0007"
    ],
    [
      0.00012,
      "\u001b]2;iocanel@istation: ~/voxxed/hellothess\u0007\u001b]1;..ed/hellothess\u0007"
    ],
    [
      0.046892,
      "\r\u001b[0m\u001b[27m\u001b[24m\u001b[J\r\n\u001b[42m\u001b[30m @istation \u001b[49m\u001b[39m\u001b[32m\u001b[44m\u001b[49m\u001b[39m\u001b[37m\u001b[44m ~/voxxed/hellothess\u001b[34m \u001b[34m\u001b[47m\u001b[37m\u001b[30m\u001b[47m\u001b[37m \u001b[49m\u001b[39m \u001b[K\u001b[170C\u001b[37m\u001b[49m\u001b[30m\u001b[47m  \u001b[39m\u001b[49m\u001b[173D"
    ],
    [
      2.3e-05,
      "\u001b[?1h\u001b="
    ],
    [
      3.9e-05,
      "\u001b[?2004h"
    ],
    [
      1.482902,
      "g\u001b[90mofabric8 validate\u001b[39m\u001b[17D"
    ],
    [
      0.087811,
      "\bg\u001b[39mo"
    ],
    [
      0.183797,
      "\u001b[39mf"
    ],
    [
      0.22377,
      "\u001b[39ma"
    ],
    [
      0.096081,
      "\u001b[39mb"
    ],
    [
      0.144435,
      "\u001b[39mr"
    ],
    [
      0.256855,
      "\u001b[39mc\u001b[39m \u001b[39m \u001b[39m \u001b[39m \u001b[39m \u001b[39m \u001b[39m \u001b[39m \u001b[39m \u001b[39m \u001b[39m \u001b[11D"
    ],
    [
      0.422766,
      "\b\u001b[90mi\u001b[90mc8 validate\u001b[39m\u001b[12D"
    ],
    [
      0.399805,
      "\u001b[39mi"
    ],
    [
      0.176157,
      "\u001b[39mc"
    ],
    [
      0.071937,
      "\u001b[39m8"
    ],
    [
      0.264268,
      "\u001b[39m "
    ],
    [
      0.335894,
      "\u001b[39md\u001b[90me\u001b[90mp\u001b[90ml\u001b[90mo\u001b[90my\u001b[90m \u001b[90m-\u001b[90my --app=\"\"\u001b[39m\u001b[17D"
    ],
    [
      0.57964,
      "\u001b[39me\u001b[39mp\u001b[39ml\u001b[39mo\u001b[39my\u001b[39m \u001b[39m-\u001b[39my\u001b[39m \u001b[39m-\u001b[39m-\u001b[39ma\u001b[39mp\u001b[39mp\u001b[39m=\u001b[39m\"\u001b[39m\""
    ],
    [
      0.343853,
      "\u001b[?1l\u001b>\u001b[?2004l"
    ],
    [
      2.9e-05,
      "\r\r\n"
    ],
    [
      0.000776,
      "\u001b]2;gofabric8 deploy -y --app=\"\"\u0007\u001b]1;gofabric8\u0007"
    ],
    [
      0.007906,
      "\u001b[0;34m             \u001b[38;5;25m▄\u001b[38;5;25m▄▄\u001b[38;5;25m▄\u001b[38;5;25m▄\u001b[38;5;25m▄\u001b[38;5;235m▄\u001b[39m         \u001b[00m\r\n             \u001b[48;5;25;38;5;25m█\u001b[48;5;235;38;5;235m█\u001b[48;5;235;38;5;235m█\u001b[48;5;25;38;5;25m█\u001b[48;5;25;38;5;25m█\u001b[48;5;25;38;5;25m█\u001b[48;5;235;38;5;235m█\u001b[49;39m         \u001b[00m\r\n     \u001b[48;5;233;38;5;235m▄\u001b[48;5;235;38;5;25m▄\u001b[38;5;25m▄\u001b[38;5;25m▄\u001b[38;5;24m▄\u001b[38;5;25m▄\u001b[48;5;233;38;5;235m▄\u001b[49;39m \u001b[48;5;25;38;5;25m▄\u001b[48;5;235;38;5;24m▄\u001b[48;5;235;38;5;24m▄\u001b[48;5;25;38;5;25m▄\u001b[48;5;25;38;5;25m▄\u001b[48;5;25;38;5;25m▄\u001b[48;5;235;38;5;235m█\u001b[49;39m         \u001b[00m\r\n     \u001b[48;5;235;38;5;235m█\u001b[48;5;24;38;5;24m█\u001b[48;5;25;38;5;25m█\u001b[48;5;24;38;5;24m█\u001b[48;5;235;38;5;235m█\u001b[48;5;25;38;5;25m█\u001b[48;5;235;38;5;235m█\u001b[49;39m \u001b[38;5;235m▀\u001b[38;5;235m▀▀▀▀▀\u001b[38;5;233m▀\u001b[39m \u001b[48;5;235;38;5;24m▄\u001b[48;5;235;38;5;25m▄\u001b[38;5;25m▄\u001b[38;5;25m▄\u001b[38;5;24m▄\u001b[48;5;235;38;5;25m▄\u001b[49;39m  \u001b[00m\r\n     \u001b[48;5;235;38;5;235m▄\u001b[48;5;24;38;5;25m▄\u001b[48"
    ],
    [
      2.3e-05,
      ";5;25;38;5;25m▄\u001b[48;5;24;38;5;25m▄\u001b[48;5;235;38;5;25m▄\u001b[48;5;25;38;5;25m▄\u001b[48;5;235;38;5;235m▄\u001b[49;39m         \u001b[48;5;67;38;5;67m█\u001b[48;5;25;38;5;25m█\u001b[48;5;25;38;5;25m█\u001b[48;5;25;38;5;25m█\u001b[48;5;235;38;5;235m█\u001b[48;5;25;38;5;25m█\u001b[49;39m  \u001b[00m\r\n   \u001b[38;5;233m▄\u001b[38;5;235m▄\u001b[48;5;235;38;5;24m▄\u001b[48;5;235;38;5;25m▄\u001b[49;38;5;235m▄\u001b[39m             \u001b[48;5;67;38;5;25m▄\u001b[48;5;25;38;5;25m▄\u001b[48;5;25;38;5;25m▄\u001b[48;5;25;38;5;25m▄\u001b[48;5;235;38;5;25m▄\u001b[48;5;25;38;5;25m▄\u001b[49;39m  \u001b[00m\r\n   \u001b[38;5;235m▀\u001b[48;5;25;38;5;24m▄\u001b[48;5;24;38;5;25m▄\u001b[48;5;25;38;5;68m▄\u001b[48;5;24;38;5;25m▄\u001b[49;38;5;25m▄\u001b[39m      \u001b[38;5;235m▄\u001b[38;5;235m▄\u001b[38;5;17m▄\u001b[39m       \u001b[38;5;25m▄\u001b[38;5;25m▄\u001b[38;5;235m▄\u001b[39m \u001b[00m\r\n    \u001b[38;5;23m▀\u001b[48;5;110;38;5;60m▄\u001b[48;5;110;38;5;254m▄\u001b[48;5;25;38;5;25m▄\u001b[48;5;25;38;5;25m▄\u001b[48;5;233;38;5;25m▄\u001b[49;38;5;235m▄\u001b[38;5;24m▄\u001b[38;5;25m▄\u001b[48;5;60;38;5;25m▄\u001b[48;5;67;38;5;25m▄\u001b[48;5;25;38;5;25m▄\u001b[48;5;25;38;5;110m▄\u001b[48;5;25;38;5;1"
    ],
    [
      1.1e-05,
      "10m▄\u001b[48;5;25;38;5;25m▄\u001b[48;5;233;38;5;25m▄\u001b[49;39m   \u001b[38;5;233m▄\u001b[48;5;17;38;5;25m▄\u001b[48;5;25;38;5;25m▄\u001b[48;5;24;38;5;25m▄\u001b[48;5;25;38;5;24m▄\u001b[49;38;5;233m▀\u001b[39m\u001b[00m\r\n      \u001b[38;5;60m▀\u001b[48;5;153;38;5;24m▄\u001b[48;5;68;38;5;110m▄\u001b[48;5;25;38;5;67m▄\u001b[48;5;25;38;5;25m▄\u001b[48;5;110;38;5;25m▄\u001b[48;5;67;38;5;255m▄\u001b[48;5;32;38;5;110m▄\u001b[48;5;68;38;5;110m▄\u001b[48;5;68;38;5;67m▄\u001b[48;5;25;38;5;110m▄\u001b[48;5;25;38;5;110m▄\u001b[38;5;110m▄\u001b[48;5;25;38;5;67m▄\u001b[48;5;24;38;5;67m▄\u001b[48;5;233;38;5;25m▄\u001b[49;38;5;25m▄\u001b[48;5;24;38;5;25m▄\u001b[48;5;25;38;5;25m█\u001b[38;5;25m▄\u001b[48;5;25;38;5;24m▄\u001b[49;38;5;17m▀\u001b[39m \u001b[00m\r\n        \u001b[38;5;233m▀\u001b[38;5;24m▀\u001b[48;5;25;38;5;235m▄\u001b[48;5;25;38;5;25m█\u001b[48;5;153;38;5;110m▄\u001b[48;5;67;38;5;110m▄\u001b[48;5;252;38;5;255m▄\u001b[48;5;254;38;5;231m▄\u001b[48;5;254m▄\u001b[48;5;253;38;5;224m▄\u001b[48;5;252;38;5;255m▄\u001b[48;5;110;38;5;231m▄\u001b[48;5;110;38;5;231m▄\u001b[48;5;61;38;5;110m▄\u001b[48;5;25;38;5;25m▄\u001b[38;5;24m▄\u001b[48;5;25;38;5;233m▄\u001b[49;38;5;24m▀\u001b[39m   \u001b[0"
    ],
    [
      1.1e-05,
      "0m\r\n          \u001b[48;5;235;38;5;235m▄\u001b[48;5;25;38;5;25m█\u001b[48;5;67;38;5;67m▄\u001b[48;5;110;38;5;110m▄\u001b[48;5;255;38;5;255m▄\u001b[48;5;231;38;5;231m█\u001b[48;5;255;38;5;216m▄\u001b[48;5;223;38;5;209m▄\u001b[48;5;223;38;5;223m▄\u001b[48;5;231;38;5;231m█\u001b[48;5;231;38;5;231m▄\u001b[48;5;110;38;5;110m▄\u001b[48;5;235;38;5;235m▄\u001b[49;39m      \u001b[00m\r\n          \u001b[48;5;235;38;5;235m▄\u001b[48;5;25;38;5;25m█\u001b[48;5;32;38;5;25m▄\u001b[48;5;67;38;5;25m▄\u001b[48;5;255;38;5;254m▄\u001b[48;5;231;38;5;255m▄\u001b[48;5;209;38;5;180m▄\u001b[48;5;209;38;5;223m▄\u001b[48;5;224;38;5;173m▄\u001b[48;5;231;38;5;255m▄\u001b[48;5;231;38;5;255m▄\u001b[48;5;110;38;5;67m▄\u001b[48;5;235;38;5;235m▄\u001b[49;39m      \u001b[00m\r\n           \u001b[48;5;25;38;5;235m▄\u001b[48;5;25;38;5;25m▄\u001b[38;5;25m█\u001b[48;5;32m▄\u001b[48;5;110;38;5;25m▄\u001b[48;5;110;38;5;25m▄\u001b[48;5;110m▄\u001b[48;5;110m▄\u001b[48;5;110m▄\u001b[48;5;67m▄\u001b[48;5;25;38;5;25m▄\u001b[49;39m       \u001b[00m\r\n            \u001b[48;5;25;38;5;25m▄\u001b[48;5;25;38;5;25m▄\u001b[38;5;25m▄\u001b[48;5;25;38;5;25m▄\u001b[49;38;5;235m▀\u001b[38;5;235m▀\u001b[48;5;25;38;5;25m▄\u001b[48;5;25"
    ],
    [
      9e-06,
